{"cameraMode":{"drawMode":0,"name":"Shaded","section":"Shading Mode"},"sceneLighting":false,"audioPlay":false,"sceneViewState":{"m_AlwaysRefresh":false,"showFog":true,"showSkybox":false,"showFlares":true,"showImageEffects":true,"showParticleSystems":true,"showVisualEffectGraphs":true,"m_FxEnabled":true},"in2DMode":false,"pivot":{"x":-2.7560911178588869,"y":-1.8428038358688355,"z":-8.993315696716309},"rotation":{"x":-0.052188437432050708,"y":-0.00030155127751640975,"z":0.000015584088032483123,"w":-0.9986979961395264},"size":1.4331434965133668,"orthographic":false}