{"cameraMode":{"drawMode":0,"name":"Shaded","section":"Shading Mode"},"sceneLighting":false,"audioPlay":false,"sceneViewState":{"m_AlwaysRefresh":false,"showFog":true,"showSkybox":false,"showFlares":true,"showImageEffects":true,"showParticleSystems":true,"showVisualEffectGraphs":true,"m_FxEnabled":true},"in2DMode":false,"pivot":{"x":-2.9714949131011965,"y":-1.6691645383834839,"z":-9.73930549621582},"rotation":{"x":-0.005397047381848097,"y":0.9946512579917908,"z":-0.07714951783418656,"w":-0.06965425610542298},"size":0.8660253882408142,"orthographic":false}